id,name,role,email,email_verified_at,password,username,phone,remember_token,created_at,updated_at
1,john osteve,user,rrice@example.org,2020-08-22 07:12:36,$2y$10$92IXUNpkjO0rOQ5byMi.Ye4oKoEa3Ro9llC/.og/at2.uheWG/igi,keara58,+1.542.697.2389,vmAG0pdHyG,2020-08-22 07:12:36,2020-08-22 07:12:36
2,osteve mac,admin,osteve@gmail.com,2020-08-22 07:12:36,$2y$10$xVDxSB/k2vUvdZP42LiMDez35.9zgd1umuCjkpyYNhscHaZTmtcrq,maryam.klocko,+1 (473) 319-9930,7t9vPeYA3tGRw51euTpTxwDQI3SVZ6PibQ1p92dBFLJRzfk97h4yI4XdoEwa,2020-08-22 07:12:36,2020-08-22 07:12:36
3,Prof. Jude Nikolaus,user,jkoss@example.net,2020-08-22 07:12:36,$2y$10$92IXUNpkjO0rOQ5byMi.Ye4oKoEa3Ro9llC/.og/at2.uheWG/igi,leta13,534-598-0560,NoGwRrYFj2,2020-08-22 07:12:36,2020-08-22 07:12:36
4,Juanita Buckridge,user,bcasper@example.org,2020-08-22 07:12:36,$2y$10$92IXUNpkjO0rOQ5byMi.Ye4oKoEa3Ro9llC/.og/at2.uheWG/igi,mcclure.kaylah,(928) 416-3839,o9uWgoeVLn,2020-08-22 07:12:36,2020-08-22 07:12:36
5,Maxwell Klein,user,danielle.ratke@example.org,2020-08-22 07:12:36,$2y$10$92IXUNpkjO0rOQ5byMi.Ye4oKoEa3Ro9llC/.og/at2.uheWG/igi,vita.corkery,(316) 718-6842 x910,owa4J9U4Q1,2020-08-22 07:12:36,2020-08-22 07:12:36
6,Leatha Spencer,user,lucienne.goodwin@example.net,2020-08-22 07:12:36,$2y$10$92IXUNpkjO0rOQ5byMi.Ye4oKoEa3Ro9llC/.og/at2.uheWG/igi,felix.frami,824.598.4990 x03664,krYe50wgYj,2020-08-22 07:12:36,2020-08-22 07:12:36
7,Imelda Kshlerin,user,ernser.antonio@example.org,2020-08-22 07:12:36,$2y$10$92IXUNpkjO0rOQ5byMi.Ye4oKoEa3Ro9llC/.og/at2.uheWG/igi,marilyne.reichert,1-361-744-0634,orjPz3szOl,2020-08-22 07:12:36,2020-08-22 07:12:36
8,Ms. Yvonne Bernhard Jr.,user,eliezer04@example.org,2020-08-22 07:12:36,$2y$10$92IXUNpkjO0rOQ5byMi.Ye4oKoEa3Ro9llC/.og/at2.uheWG/igi,schimmel.angus,+1-707-395-1121,daunDJlmHJ,2020-08-22 07:12:36,2020-08-22 07:12:36
9,Prof. Pearlie Ward,user,uschuppe@example.net,2020-08-22 07:12:36,$2y$10$92IXUNpkjO0rOQ5byMi.Ye4oKoEa3Ro9llC/.og/at2.uheWG/igi,fmarvin,212-613-8461 x235,1cma3Vh36v,2020-08-22 07:12:36,2020-08-22 07:12:36
10,Warren Simonis IV,user,hrohan@example.org,2020-08-22 07:12:36,$2y$10$92IXUNpkjO0rOQ5byMi.Ye4oKoEa3Ro9llC/.og/at2.uheWG/igi,ted64,+1.482.589.5522,JckYsKVkzi,2020-08-22 07:12:36,2020-08-22 07:12:36
11,Amelia Morar,user,temard@example.com,2020-08-22 07:12:36,$2y$10$92IXUNpkjO0rOQ5byMi.Ye4oKoEa3Ro9llC/.og/at2.uheWG/igi,kuhlman.jamil,1-754-850-2565,ZMyWBmSWDL,2020-08-22 07:12:36,2020-08-22 07:12:36
12,Marcos VonRueden,user,eloisa32@example.org,2020-08-22 07:12:36,$2y$10$92IXUNpkjO0rOQ5byMi.Ye4oKoEa3Ro9llC/.og/at2.uheWG/igi,maybell78,1-418-907-4484 x828,ws0XfC6iaI,2020-08-22 07:12:36,2020-08-22 07:12:36
13,Duane Parker,user,ebashirian@example.com,2020-08-22 07:12:36,$2y$10$92IXUNpkjO0rOQ5byMi.Ye4oKoEa3Ro9llC/.og/at2.uheWG/igi,fsteuber,765-987-7449 x50412,oiTuULZDsA,2020-08-22 07:12:36,2020-08-22 07:12:36
14,Moshe Kunze,user,arielle27@example.com,2020-08-22 07:12:36,$2y$10$92IXUNpkjO0rOQ5byMi.Ye4oKoEa3Ro9llC/.og/at2.uheWG/igi,sammie.gutmann,(454) 805-8518 x0206,LxOagqRtu4,2020-08-22 07:12:37,2020-08-22 07:12:37
15,Abdul Purdy Sr.,user,lukas41@example.com,2020-08-22 07:12:36,$2y$10$92IXUNpkjO0rOQ5byMi.Ye4oKoEa3Ro9llC/.og/at2.uheWG/igi,hoeger.melba,245.675.1658,zk8BwviePf,2020-08-22 07:12:37,2020-08-22 07:12:37
16,Jermain Brakus,user,rippin.billie@example.net,2020-08-22 07:12:36,$2y$10$92IXUNpkjO0rOQ5byMi.Ye4oKoEa3Ro9llC/.og/at2.uheWG/igi,cali19,(598) 445-5978 x242,qWfmvPWdlA,2020-08-22 07:12:37,2020-08-22 07:12:37
17,Moses Stokes DDS,user,lottie.hoppe@example.net,2020-08-22 07:12:36,$2y$10$92IXUNpkjO0rOQ5byMi.Ye4oKoEa3Ro9llC/.og/at2.uheWG/igi,stokes.martin,+1-215-289-7828,yjPRUFNEKD,2020-08-22 07:12:37,2020-08-22 07:12:37
18,Hattie Dooley,user,astanton@example.net,2020-08-22 07:12:36,$2y$10$92IXUNpkjO0rOQ5byMi.Ye4oKoEa3Ro9llC/.og/at2.uheWG/igi,emmy77,1-687-878-3219,foDPPCUbDL,2020-08-22 07:12:37,2020-08-22 07:12:37
19,Kathlyn Terry,user,sabina47@example.org,2020-08-22 07:12:36,$2y$10$92IXUNpkjO0rOQ5byMi.Ye4oKoEa3Ro9llC/.og/at2.uheWG/igi,kovacek.germaine,630.406.2297,vTitd9C123,2020-08-22 07:12:37,2020-08-22 07:12:37
20,Kathleen Quigley,user,dreinger@example.com,2020-08-22 07:12:36,$2y$10$92IXUNpkjO0rOQ5byMi.Ye4oKoEa3Ro9llC/.og/at2.uheWG/igi,charles18,912.422.9152 x8364,rtR2GEBbvR,2020-08-22 07:12:37,2020-08-22 07:12:37
21,Leora Auer PhD,user,chanelle.runolfsdottir@example.com,2020-08-22 07:12:39,$2y$10$92IXUNpkjO0rOQ5byMi.Ye4oKoEa3Ro9llC/.og/at2.uheWG/igi,bahringer.krystina,(802) 736-1826 x1312,hHflW9FWjR,2020-08-22 07:12:39,2020-08-22 07:12:39
22,Mrs. Addison Harris Sr.,user,beulah26@example.net,2020-08-22 07:12:40,$2y$10$92IXUNpkjO0rOQ5byMi.Ye4oKoEa3Ro9llC/.og/at2.uheWG/igi,milan.koepp,974.964.8376,swabsV4oSZ,2020-08-22 07:12:40,2020-08-22 07:12:40
23,Marcel Haley,user,raven.robel@example.com,2020-08-22 07:12:40,$2y$10$92IXUNpkjO0rOQ5byMi.Ye4oKoEa3Ro9llC/.og/at2.uheWG/igi,russel.amber,838-461-8796 x118,HZcPab00ok,2020-08-22 07:12:40,2020-08-22 07:12:40
24,Ali Robel I,user,maximo.upton@example.org,2020-08-22 07:12:40,$2y$10$92IXUNpkjO0rOQ5byMi.Ye4oKoEa3Ro9llC/.og/at2.uheWG/igi,alba02,936-722-6600 x502,76fpPc1af3,2020-08-22 07:12:40,2020-08-22 07:12:40
25,Antwon Volkman,user,reilly.ottis@example.org,2020-08-22 07:12:40,$2y$10$92IXUNpkjO0rOQ5byMi.Ye4oKoEa3Ro9llC/.og/at2.uheWG/igi,maureen.fahey,240.289.2609 x86778,GUNSYYSD3t,2020-08-22 07:12:40,2020-08-22 07:12:40
26,Lavina Kris PhD,user,teichmann@example.com,2020-08-22 07:12:40,$2y$10$92IXUNpkjO0rOQ5byMi.Ye4oKoEa3Ro9llC/.og/at2.uheWG/igi,ijohns,(909) 495-2197 x21765,8cuOgYvHKr,2020-08-22 07:12:40,2020-08-22 07:12:40
27,Princess Little,user,leonora.wuckert@example.com,2020-08-22 07:12:40,$2y$10$92IXUNpkjO0rOQ5byMi.Ye4oKoEa3Ro9llC/.og/at2.uheWG/igi,cronin.jackson,+1.437.867.2055,bl5xbkEnHt,2020-08-22 07:12:40,2020-08-22 07:12:40
28,Joshua Mohr,user,rex38@example.com,2020-08-22 07:12:40,$2y$10$92IXUNpkjO0rOQ5byMi.Ye4oKoEa3Ro9llC/.og/at2.uheWG/igi,sigmund.willms,(415) 307-8399 x7515,7wM2amQgNe,2020-08-22 07:12:40,2020-08-22 07:12:40
29,Dennis Leuschke,user,xkerluke@example.org,2020-08-22 07:12:41,$2y$10$92IXUNpkjO0rOQ5byMi.Ye4oKoEa3Ro9llC/.og/at2.uheWG/igi,hagenes.olen,502-810-2758 x00300,IGAeR6vbnv,2020-08-22 07:12:41,2020-08-22 07:12:41
30,Mr. Christophe Welch,user,rosetta47@example.org,2020-08-22 07:12:41,$2y$10$92IXUNpkjO0rOQ5byMi.Ye4oKoEa3Ro9llC/.og/at2.uheWG/igi,winfield25,537-469-9481 x3459,NRSqB0YcxE,2020-08-22 07:12:41,2020-08-22 07:12:41
31,Thelma Roberts III,user,ryleigh77@example.org,2020-08-22 07:12:41,$2y$10$92IXUNpkjO0rOQ5byMi.Ye4oKoEa3Ro9llC/.og/at2.uheWG/igi,dreichel,887-925-3084 x89106,D2j3hTkQuS,2020-08-22 07:12:41,2020-08-22 07:12:41
32,Jailyn Walsh,user,winnifred26@example.net,2020-08-22 07:12:41,$2y$10$92IXUNpkjO0rOQ5byMi.Ye4oKoEa3Ro9llC/.og/at2.uheWG/igi,lennie80,296-210-2110 x562,puTxon2ea9,2020-08-22 07:12:41,2020-08-22 07:12:41
33,Larry Fahey,user,klocko.annalise@example.com,2020-08-22 07:12:41,$2y$10$92IXUNpkjO0rOQ5byMi.Ye4oKoEa3Ro9llC/.og/at2.uheWG/igi,vella83,446-476-2243,ay2Sx3bbHt,2020-08-22 07:12:41,2020-08-22 07:12:41
34,Carmelo Jast,user,heller.robb@example.org,2020-08-22 07:12:41,$2y$10$92IXUNpkjO0rOQ5byMi.Ye4oKoEa3Ro9llC/.og/at2.uheWG/igi,eduardo.glover,+1-761-608-5344,n8esEOHJnF,2020-08-22 07:12:41,2020-08-22 07:12:41
35,Raven Hammes,user,yrice@example.com,2020-08-22 07:12:41,$2y$10$92IXUNpkjO0rOQ5byMi.Ye4oKoEa3Ro9llC/.og/at2.uheWG/igi,marcel04,1-337-916-9157,hK9AnNu4OW,2020-08-22 07:12:41,2020-08-22 07:12:41
36,Edwin Yundt,user,angeline.bradtke@example.org,2020-08-22 07:12:41,$2y$10$92IXUNpkjO0rOQ5byMi.Ye4oKoEa3Ro9llC/.og/at2.uheWG/igi,clotilde54,1-423-347-3336,PEcoLyJlKT,2020-08-22 07:12:41,2020-08-22 07:12:41
37,Madaline Quitzon,user,jolie.harvey@example.org,2020-08-22 07:12:42,$2y$10$92IXUNpkjO0rOQ5byMi.Ye4oKoEa3Ro9llC/.og/at2.uheWG/igi,kbraun,(352) 965-6721 x82087,LKdTkbuQgJ,2020-08-22 07:12:42,2020-08-22 07:12:42
38,Prof. Adolph Gottlieb I,user,ilind@example.org,2020-08-22 07:12:42,$2y$10$92IXUNpkjO0rOQ5byMi.Ye4oKoEa3Ro9llC/.og/at2.uheWG/igi,loyce.friesen,609-859-7016 x4430,T63Z0eKNaz,2020-08-22 07:12:42,2020-08-22 07:12:42
39,Gunnar Lynch,user,zoila86@example.net,2020-08-22 07:12:42,$2y$10$92IXUNpkjO0rOQ5byMi.Ye4oKoEa3Ro9llC/.og/at2.uheWG/igi,consuelo.crona,437.524.7758 x588,qEKLGZspkd,2020-08-22 07:12:42,2020-08-22 07:12:42
40,osteve,user,hosea.purdy@example.com,2020-08-22 07:12:42,$2y$10$92IXUNpkjO0rOQ5byMi.Ye4oKoEa3Ro9llC/.og/at2.uheWG/igi,morgan.mueller,(312) 875-9008,SAjC6oNyl1,2020-08-22 07:12:42,2020-08-22 07:12:42
41,Glenda Kulas,user,kasey.eichmann@example.com,2020-08-22 07:12:42,$2y$10$92IXUNpkjO0rOQ5byMi.Ye4oKoEa3Ro9llC/.og/at2.uheWG/igi,santos19,731.801.9933 x401,CBi07APyxp,2020-08-22 07:12:42,2020-08-22 07:12:42
42,Jazmin Lynch,user,veronica08@example.com,2020-08-22 07:12:42,$2y$10$92IXUNpkjO0rOQ5byMi.Ye4oKoEa3Ro9llC/.og/at2.uheWG/igi,okon.horacio,+1-761-913-5920,JEgcnsHhZU,2020-08-22 07:12:42,2020-08-22 07:12:42
43,Darian Hand MD,user,waelchi.keira@example.net,2020-08-22 07:12:44,$2y$10$92IXUNpkjO0rOQ5byMi.Ye4oKoEa3Ro9llC/.og/at2.uheWG/igi,leonora.rogahn,+1-224-786-8238,yp9or7rVAU,2020-08-22 07:12:44,2020-08-22 07:12:44
44,Dr. Chadrick Gutmann PhD,user,rsawayn@example.net,2020-08-22 07:12:44,$2y$10$92IXUNpkjO0rOQ5byMi.Ye4oKoEa3Ro9llC/.og/at2.uheWG/igi,tiara.bergnaum,793-995-5426,9kbRMW9pXf,2020-08-22 07:12:44,2020-08-22 07:12:44
45,Della Nikolaus,user,kreiger.tiffany@example.com,2020-08-22 07:12:44,$2y$10$92IXUNpkjO0rOQ5byMi.Ye4oKoEa3Ro9llC/.og/at2.uheWG/igi,tfisher,219.204.2334 x6400,S5uECtZRwd,2020-08-22 07:12:44,2020-08-22 07:12:44
46,Maegan O'Connell,user,guadalupe.schuster@example.org,2020-08-22 07:12:44,$2y$10$92IXUNpkjO0rOQ5byMi.Ye4oKoEa3Ro9llC/.og/at2.uheWG/igi,eloisa31,1-201-250-7209,NlfHMixmau,2020-08-22 07:12:44,2020-08-22 07:12:44
47,Elliott Bauch,user,vincenzo11@example.net,2020-08-22 07:12:44,$2y$10$92IXUNpkjO0rOQ5byMi.Ye4oKoEa3Ro9llC/.og/at2.uheWG/igi,pollich.ali,+13369802844,xVZldr90CR,2020-08-22 07:12:44,2020-08-22 07:12:44
48,Dr. Kade Greenholt,user,lola.mraz@example.net,2020-08-22 07:12:44,$2y$10$92IXUNpkjO0rOQ5byMi.Ye4oKoEa3Ro9llC/.og/at2.uheWG/igi,pink.gulgowski,853-605-8978,W9ExxxHkKt,2020-08-22 07:12:44,2020-08-22 07:12:44
49,Harmony Johns,user,mckenzie.rubye@example.com,2020-08-22 07:12:44,$2y$10$92IXUNpkjO0rOQ5byMi.Ye4oKoEa3Ro9llC/.og/at2.uheWG/igi,fbruen,+1-596-252-1426,qwXW0ZIZqk,2020-08-22 07:12:44,2020-08-22 07:12:44
50,Willa Torp III,user,zpagac@example.net,2020-08-22 07:12:45,$2y$10$92IXUNpkjO0rOQ5byMi.Ye4oKoEa3Ro9llC/.og/at2.uheWG/igi,erdman.cindy,(306) 319-6797 x870,qiVaHkOHu1,2020-08-22 07:12:45,2020-08-22 07:12:45
51,Jaylen Kovacek,user,johnson.adrianna@example.net,2020-08-22 07:12:45,$2y$10$92IXUNpkjO0rOQ5byMi.Ye4oKoEa3Ro9llC/.og/at2.uheWG/igi,abartoletti,916.293.4743,cD4utMkeN1,2020-08-22 07:12:45,2020-08-22 07:12:45
52,Tyler Nolan DVM,user,tkirlin@example.org,2020-08-22 07:12:45,$2y$10$92IXUNpkjO0rOQ5byMi.Ye4oKoEa3Ro9llC/.og/at2.uheWG/igi,jany.nolan,551-419-3840 x63817,yy5zlabxiR,2020-08-22 07:12:45,2020-08-22 07:12:45
53,Mr. Abelardo Braun Jr.,user,welch.pansy@example.com,2020-08-22 07:12:45,$2y$10$92IXUNpkjO0rOQ5byMi.Ye4oKoEa3Ro9llC/.og/at2.uheWG/igi,bayer.sylvan,+1 (252) 623-5363,fCAtaEJVRI,2020-08-22 07:12:45,2020-08-22 07:12:45
54,Dr. Demario Berge,user,erich71@example.com,2020-08-22 07:12:45,$2y$10$92IXUNpkjO0rOQ5byMi.Ye4oKoEa3Ro9llC/.og/at2.uheWG/igi,dare.stacy,734.540.7138,J8ApAA73uF,2020-08-22 07:12:45,2020-08-22 07:12:45
55,Luigi Waters,user,pinkie68@example.com,2020-08-22 07:12:46,$2y$10$92IXUNpkjO0rOQ5byMi.Ye4oKoEa3Ro9llC/.og/at2.uheWG/igi,toney.goldner,(743) 505-6199 x248,TsXwQCI1XV,2020-08-22 07:12:46,2020-08-22 07:12:46
56,Mrs. Blanche Feeney,user,ankunding.laurie@example.com,2020-08-22 07:12:46,$2y$10$92IXUNpkjO0rOQ5byMi.Ye4oKoEa3Ro9llC/.og/at2.uheWG/igi,jnienow,602-947-5753 x09292,w3ZLrSak0q,2020-08-22 07:12:46,2020-08-22 07:12:46
57,Shannon Nicolas,user,turcotte.elda@example.net,2020-08-22 07:12:46,$2y$10$92IXUNpkjO0rOQ5byMi.Ye4oKoEa3Ro9llC/.og/at2.uheWG/igi,gustave.kiehn,+1.350.233.0067,efoFLMWOSG,2020-08-22 07:12:46,2020-08-22 07:12:46
58,Marlene Frami IV,user,allan.oberbrunner@example.org,2020-08-22 07:12:46,$2y$10$92IXUNpkjO0rOQ5byMi.Ye4oKoEa3Ro9llC/.og/at2.uheWG/igi,iroob,441.305.1474,hcHh7gTON5,2020-08-22 07:12:46,2020-08-22 07:12:46
59,Price Maggio,user,jerel.lynch@example.com,2020-08-22 07:12:46,$2y$10$92IXUNpkjO0rOQ5byMi.Ye4oKoEa3Ro9llC/.og/at2.uheWG/igi,shaina.zulauf,371.923.0170,xMR7a3egPO,2020-08-22 07:12:46,2020-08-22 07:12:46
60,Keshawn Rolfson,user,carley.gutmann@example.net,2020-08-22 07:12:46,$2y$10$92IXUNpkjO0rOQ5byMi.Ye4oKoEa3Ro9llC/.og/at2.uheWG/igi,jessika76,(346) 627-3110,kuTipgOsKY,2020-08-22 07:12:46,2020-08-22 07:12:46
61,Mr. Lucious Denesik,user,corwin.cordelia@example.org,2020-08-22 07:12:46,$2y$10$92IXUNpkjO0rOQ5byMi.Ye4oKoEa3Ro9llC/.og/at2.uheWG/igi,malika.mayer,506-629-4817,2U0XNpvN0o,2020-08-22 07:12:46,2020-08-22 07:12:46
62,Mr. Jamir Tillman III,user,emanuel.ondricka@example.net,2020-08-22 07:12:47,$2y$10$92IXUNpkjO0rOQ5byMi.Ye4oKoEa3Ro9llC/.og/at2.uheWG/igi,mkub,703.388.2276 x3010,9z1z2YXq9g,2020-08-22 07:12:47,2020-08-22 07:12:47
